customer_id,age,gender,income,country,preferred_brand
1,56,Male,120252,Spain,Lunya
2,69,Female,111057,France,Delifonseca
3,46,Male,50049,UK,Delifonseca
4,32,Non-binary,25618,Italy,Delifonseca
5,60,Female,122540,Spain,Delifonseca
6,25,Female,76053,Spain,Delifonseca
7,38,Female,21920,France,Lunya
8,56,Male,63937,Germany,Lunya
9,36,Male,89724,Germany,Lunya
10,40,Female,32207,Spain,Delifonseca
11,28,Male,85774,UK,Delifonseca
12,28,Female,52972,Italy,Lunya
13,41,Female,30799,Spain,Lunya
14,53,Male,91088,USA,Delifonseca
15,57,Female,48916,Italy,Lunya
16,41,Male,90463,Germany,Delifonseca
17,20,Female,113500,Spain,Delifonseca
18,39,Non-binary,96700,France,Lunya
19,19,Female,57158,USA,Lunya
20,41,Female,104607,Spain,Lunya
21,61,Male,139639,UK,Delifonseca
22,47,Female,133945,USA,Delifonseca
23,55,Non-binary,91696,Spain,Lunya
24,19,Male,81510,UK,Delifonseca
25,38,Male,140076,USA,Delifonseca
26,50,Male,78692,UK,Delifonseca
27,29,Non-binary,81744,UK,Lunya
28,39,Male,35810,USA,Delifonseca
29,61,Male,25126,USA,Lunya
30,42,Male,50009,UK,Lunya
31,66,Female,119120,Germany,Delifonseca
32,44,Female,131718,USA,Lunya
33,59,Male,110932,Spain,Delifonseca
34,45,Female,20192,Italy,Lunya
35,33,Female,136464,France,Lunya
36,32,Female,56413,UK,Delifonseca
37,64,Female,32816,UK,Lunya
38,68,Male,59082,France,Lunya
39,61,Male,85048,Germany,Lunya
40,69,Female,143130,France,Delifonseca
41,20,Female,70940,USA,Delifonseca
42,54,Male,52130,France,Lunya
43,68,Female,60142,UK,Lunya
44,24,Male,149564,France,Lunya
45,38,Female,56468,Italy,Delifonseca
46,26,Female,50698,Spain,Delifonseca
47,56,Non-binary,30655,USA,Lunya
48,35,Female,67897,France,Delifonseca
49,21,Male,50075,UK,Delifonseca
50,42,Male,29359,Spain,Delifonseca
51,31,Female,149048,USA,Delifonseca
52,67,Male,122197,UK,Lunya
53,26,Non-binary,125115,Germany,Delifonseca
54,43,Female,62056,Italy,Delifonseca
55,19,Male,71831,Germany,Lunya
56,37,Male,79191,Italy,Lunya
57,45,Male,138592,France,Delifonseca
58,64,Male,141948,USA,Delifonseca
59,24,Female,53272,France,Lunya
60,61,Male,128117,Italy,Lunya
61,25,Male,34671,Italy,Lunya
62,64,Male,47048,Italy,Delifonseca
63,52,Male,96274,Spain,Delifonseca
64,31,Male,45963,UK,Lunya
65,34,Female,63954,USA,Delifonseca
66,53,Male,92309,France,Lunya
67,67,Male,122120,France,Delifonseca
68,57,Male,115430,Germany,Lunya
69,21,Male,20717,Italy,Lunya
70,19,Female,31676,Italy,Delifonseca
71,23,Female,24434,Italy,Delifonseca
72,59,Female,69810,France,Delifonseca
73,21,Female,123361,Germany,Delifonseca
74,46,Male,138696,UK,Delifonseca
75,35,Male,114636,Spain,Delifonseca
76,43,Male,24994,USA,Lunya
77,61,Female,24234,UK,Delifonseca
78,51,Male,89300,France,Lunya
79,27,Female,63949,Spain,Lunya
80,53,Female,57405,Spain,Delifonseca
81,31,Male,54872,Spain,Lunya
82,48,Male,62215,Italy,Lunya
83,65,Female,43185,USA,Delifonseca
84,32,Female,63442,France,Delifonseca
85,25,Female,143263,France,Delifonseca
86,31,Female,71759,Spain,Lunya
87,40,Male,61153,France,Delifonseca
88,57,Female,97535,USA,Delifonseca
89,38,Female,122023,USA,Delifonseca
90,33,Female,22581,Germany,Delifonseca
91,62,Female,71717,Germany,Lunya
92,35,Female,22763,UK,Delifonseca
93,64,Female,112910,USA,Lunya
94,41,Female,75480,USA,Delifonseca
95,43,Female,58759,USA,Lunya
96,42,Male,96067,Germany,Lunya
97,62,Female,138094,Spain,Lunya
98,58,Non-binary,45307,Spain,Delifonseca
99,46,Female,116371,France,Lunya
100,32,Male,31064,Spain,Delifonseca
101,62,Male,96848,Italy,Delifonseca
102,18,Male,57548,Germany,Delifonseca
103,42,Male,56945,USA,Delifonseca
104,24,Female,67937,Spain,Delifonseca
105,26,Female,26476,Germany,Lunya
106,41,Female,71756,Spain,Delifonseca
107,18,Male,110101,UK,Lunya
108,61,Female,22382,USA,Lunya
109,25,Female,69683,UK,Lunya
110,41,Male,107999,USA,Lunya
111,28,Male,65276,Germany,Lunya
112,68,Male,53402,France,Lunya
113,34,Male,111881,Spain,Lunya
114,25,Non-binary,130300,Spain,Delifonseca
115,52,Female,46946,Italy,Lunya
116,52,Female,99698,UK,Delifonseca
117,50,Female,134690,Spain,Lunya
118,22,Female,132309,Germany,Lunya
119,59,Male,93933,France,Lunya
120,56,Female,42335,Germany,Lunya
121,58,Male,65095,UK,Delifonseca
122,45,Female,99930,Italy,Delifonseca
123,24,Male,149974,Spain,Delifonseca
124,26,Male,47197,Germany,Lunya
125,25,Female,147619,USA,Lunya
126,29,Female,42010,France,Lunya
127,51,Female,44123,Germany,Delifonseca
128,50,Female,107923,France,Lunya
129,65,Female,22890,Spain,Delifonseca
130,40,Female,113305,USA,Delifonseca
131,41,Female,129162,Italy,Lunya
132,54,Male,140927,Italy,Lunya
133,52,Male,28026,USA,Delifonseca
134,61,Male,84925,France,Delifonseca
135,57,Female,88842,Spain,Delifonseca
136,39,Male,53665,Germany,Lunya
137,44,Female,29277,USA,Lunya
138,52,Female,62239,UK,Lunya
139,18,Male,67664,France,Lunya
140,52,Female,68008,Italy,Lunya
141,54,Male,34683,USA,Lunya
142,64,Male,20670,Italy,Delifonseca
143,31,Female,109211,France,Delifonseca
144,20,Female,37889,Italy,Delifonseca
145,18,Female,75612,USA,Lunya
146,22,Male,64535,France,Delifonseca
147,43,Female,98542,UK,Lunya
148,31,Female,74319,USA,Lunya
149,56,Female,134072,Germany,Delifonseca
150,44,Male,112067,Spain,Lunya
151,26,Female,41639,USA,Delifonseca
152,32,Female,84712,France,Delifonseca
153,32,Male,36633,Spain,Lunya
154,43,Male,141145,USA,Delifonseca
155,59,Female,54660,UK,Delifonseca
156,30,Female,88975,UK,Delifonseca
157,68,Female,52172,Germany,Delifonseca
158,49,Male,79197,Italy,Lunya
159,56,Female,121158,Spain,Delifonseca
160,66,Female,78847,France,Delifonseca
161,69,Male,31577,France,Delifonseca
162,49,Male,97299,Italy,Lunya
163,21,Female,40176,UK,Delifonseca
164,47,Male,64386,UK,Lunya
165,54,Male,83972,USA,Delifonseca
166,40,Female,140018,Germany,Delifonseca
167,56,Female,109791,Spain,Delifonseca
168,62,Non-binary,61003,Germany,Lunya
169,32,Female,39996,Germany,Lunya
170,60,Female,120922,USA,Lunya
171,46,Female,106598,Germany,Lunya
172,53,Male,55931,Italy,Lunya
173,30,Female,144168,USA,Lunya
174,49,Female,55710,Italy,Delifonseca
175,24,Female,143099,USA,Lunya
176,68,Female,54693,Germany,Delifonseca
177,39,Male,55740,Italy,Lunya
178,45,Male,97241,Italy,Lunya
179,19,Female,128944,Italy,Lunya
180,59,Female,113583,USA,Delifonseca
181,62,Male,96502,France,Lunya
182,23,Female,37374,Germany,Lunya
183,45,Female,96674,Italy,Delifonseca
184,45,Non-binary,136500,Spain,Delifonseca
185,61,Male,101471,France,Delifonseca
186,61,Female,65913,Spain,Delifonseca
187,37,Female,143683,Germany,Lunya
188,47,Female,86025,Germany,Delifonseca
189,28,Female,64516,Italy,Lunya
190,45,Female,107796,Italy,Lunya
191,42,Female,46069,USA,Delifonseca
192,56,Female,138333,France,Lunya
193,50,Male,76233,France,Delifonseca
194,18,Male,104811,Italy,Lunya
195,44,Female,79049,Germany,Delifonseca
196,69,Female,121820,Italy,Delifonseca
197,30,Male,138028,Germany,Delifonseca
198,58,Female,59178,Germany,Delifonseca
199,20,Female,52821,Italy,Delifonseca
200,56,Non-binary,71727,UK,Delifonseca
201,23,Female,80935,France,Lunya
202,25,Male,36999,Spain,Lunya
203,44,Non-binary,82522,Germany,Lunya
204,26,Female,58712,Germany,Delifonseca
205,54,Female,84551,UK,Lunya
206,50,Female,60172,Spain,Delifonseca
207,68,Male,53722,USA,Lunya
208,59,Male,30625,UK,Lunya
209,61,Male,87165,Spain,Delifonseca
210,41,Female,96509,UK,Lunya
211,32,Male,26859,Germany,Lunya
212,49,Male,61609,France,Lunya
213,49,Male,63307,UK,Delifonseca
214,41,Male,130986,USA,Lunya
215,58,Male,121582,Italy,Delifonseca
216,69,Male,41839,Spain,Lunya
217,66,Male,47216,UK,Lunya
218,66,Female,72953,UK,Lunya
219,69,Female,104481,USA,Lunya
220,29,Male,80593,France,Delifonseca
221,56,Female,92075,UK,Lunya
222,19,Male,69522,UK,Delifonseca
223,20,Non-binary,119161,France,Delifonseca
224,66,Male,24886,USA,Lunya
225,54,Female,131249,Spain,Lunya
226,66,Female,27485,Spain,Delifonseca
227,34,Female,51455,UK,Delifonseca
228,66,Male,131984,France,Lunya
229,19,Male,36767,UK,Lunya
230,19,Male,132701,Italy,Lunya
231,45,Female,48453,Spain,Lunya
232,40,Male,96280,Germany,Lunya
233,54,Male,122638,Italy,Delifonseca
234,49,Female,73442,UK,Lunya
235,50,Male,71877,USA,Lunya
236,18,Female,32226,Spain,Delifonseca
237,36,Female,113405,Germany,Lunya
238,19,Male,42588,Italy,Lunya
239,61,Female,98976,Spain,Delifonseca
240,43,Male,51709,France,Lunya
241,49,Male,67788,USA,Delifonseca
242,23,Male,108031,Italy,Lunya
243,49,Female,57019,France,Lunya
244,21,Female,64948,UK,Lunya
245,28,Male,85133,France,Delifonseca
246,34,Female,134444,Italy,Delifonseca
247,55,Female,86458,Italy,Delifonseca
248,41,Female,137603,UK,Delifonseca
249,22,Male,47526,France,Lunya
250,69,Female,93493,France,Delifonseca
251,51,Male,148585,UK,Delifonseca
252,23,Male,72198,France,Delifonseca
253,39,Female,134100,Spain,Lunya
254,28,Female,143854,UK,Lunya
255,65,Non-binary,119534,USA,Delifonseca
256,33,Male,63395,Italy,Delifonseca
257,50,Male,44031,USA,Lunya
258,26,Male,95542,Spain,Delifonseca
259,23,Female,145814,Spain,Delifonseca
260,33,Female,57701,Germany,Delifonseca
261,46,Female,132599,Germany,Delifonseca
262,20,Female,45939,Germany,Lunya
263,37,Female,69145,UK,Lunya
264,53,Female,40324,France,Lunya
265,36,Female,42867,Spain,Delifonseca
266,43,Male,20203,USA,Delifonseca
267,20,Male,36544,USA,Lunya
268,36,Female,35899,USA,Lunya
269,37,Male,49063,USA,Lunya
270,49,Female,110880,Germany,Delifonseca
271,24,Male,23748,USA,Lunya
272,69,Female,125022,France,Delifonseca
273,58,Non-binary,137269,Germany,Delifonseca
274,50,Male,86629,USA,Lunya
275,57,Female,100764,UK,Lunya
276,56,Female,40884,Italy,Delifonseca
277,35,Female,45183,Italy,Lunya
278,57,Female,101570,Italy,Lunya
279,18,Female,91246,Germany,Delifonseca
280,28,Male,128036,USA,Delifonseca
281,45,Female,39259,Spain,Delifonseca
282,42,Male,55959,Spain,Delifonseca
283,67,Male,136525,Spain,Delifonseca
284,40,Female,53457,Germany,Lunya
285,48,Male,105679,France,Delifonseca
286,47,Female,145829,UK,Delifonseca
287,59,Male,148216,UK,Delifonseca
288,52,Female,22103,Italy,Lunya
289,24,Non-binary,85901,Italy,Delifonseca
290,33,Male,132314,Spain,Delifonseca
291,43,Female,64535,Spain,Delifonseca
292,65,Female,36103,Italy,Lunya
293,69,Male,118046,USA,Delifonseca
294,66,Male,110012,France,Delifonseca
295,19,Female,98278,France,Delifonseca
296,18,Female,32391,France,Lunya
297,65,Male,122476,France,Lunya
298,29,Female,48901,Italy,Lunya
299,22,Male,140721,UK,Lunya
300,54,Female,117537,Italy,Delifonseca
301,49,Female,101159,France,Delifonseca
302,26,Male,87914,Italy,Lunya
303,58,Female,70357,France,Lunya
304,52,Female,106908,Germany,Delifonseca
305,36,Female,130335,Spain,Delifonseca
306,65,Female,58437,UK,Lunya
307,33,Male,55503,Germany,Lunya
308,20,Female,116282,USA,Lunya
309,37,Male,113459,Italy,Lunya
310,41,Male,95403,USA,Delifonseca
311,50,Male,61258,Italy,Lunya
312,41,Female,53724,Spain,Lunya
313,69,Female,84286,Germany,Delifonseca
314,28,Male,94842,Spain,Delifonseca
315,66,Male,124927,France,Delifonseca
316,25,Male,34908,Spain,Delifonseca
317,53,Female,112617,Spain,Delifonseca
318,55,Female,70626,France,Lunya
319,57,Male,57228,Italy,Lunya
320,37,Male,43386,France,Lunya
321,52,Male,66754,Germany,Delifonseca
322,65,Male,130942,Spain,Lunya
323,42,Male,48302,France,Delifonseca
324,52,Female,80815,Spain,Lunya
325,42,Female,141084,Germany,Lunya
326,46,Female,104748,USA,Delifonseca
327,35,Female,83344,Germany,Delifonseca
328,63,Male,55618,UK,Lunya
329,35,Female,131603,UK,Lunya
330,19,Female,96234,UK,Lunya
331,52,Female,81114,Spain,Lunya
332,33,Female,137652,Italy,Lunya
333,58,Female,90130,Italy,Delifonseca
334,53,Female,45525,Italy,Delifonseca
335,50,Male,99818,Spain,Delifonseca
336,21,Female,134589,Germany,Delifonseca
337,50,Male,34334,Italy,Lunya
338,31,Female,114715,USA,Lunya
339,38,Female,82767,UK,Delifonseca
340,65,Female,26644,Germany,Lunya
341,37,Male,121154,UK,Delifonseca
342,25,Male,133237,Italy,Lunya
343,24,Female,52933,Germany,Lunya
344,20,Female,146366,France,Lunya
345,34,Male,63469,USA,Delifonseca
346,50,Female,53687,Italy,Delifonseca
347,65,Female,126609,Italy,Delifonseca
348,29,Male,72656,USA,Delifonseca
349,68,Male,37375,USA,Lunya
350,39,Female,134019,France,Lunya
351,39,Male,140735,Italy,Lunya
352,63,Male,85206,Spain,Lunya
353,47,Female,116462,Italy,Delifonseca
354,55,Male,56607,UK,Lunya
355,55,Male,103178,Germany,Lunya
356,62,Female,43993,Germany,Lunya
357,68,Female,64386,UK,Delifonseca
358,25,Female,143394,Germany,Delifonseca
359,44,Male,66287,USA,Delifonseca
360,44,Female,106724,Germany,Lunya
361,51,Male,118132,Germany,Delifonseca
362,38,Male,113308,UK,Lunya
363,47,Female,116393,France,Lunya
364,50,Male,147314,Germany,Lunya
365,45,Female,96312,Spain,Delifonseca
366,64,Male,118371,Germany,Delifonseca
367,50,Male,95324,France,Lunya
368,22,Female,91196,UK,Lunya
369,65,Female,90014,France,Delifonseca
370,36,Female,28210,UK,Delifonseca
371,21,Female,30922,USA,Delifonseca
372,52,Female,56289,UK,Lunya
373,66,Female,149097,USA,Lunya
374,34,Non-binary,53340,USA,Lunya
375,61,Female,59850,UK,Delifonseca
376,45,Female,76984,Spain,Delifonseca
377,47,Male,123699,Italy,Delifonseca
378,46,Female,133711,UK,Lunya
379,63,Non-binary,104178,Germany,Lunya
380,23,Male,31094,Spain,Delifonseca
381,52,Male,107959,Spain,Lunya
382,58,Female,53418,Germany,Delifonseca
383,54,Female,25741,Italy,Lunya
384,41,Female,131585,Spain,Delifonseca
385,46,Male,92374,USA,Lunya
386,66,Female,137275,Italy,Lunya
387,63,Female,142564,Germany,Delifonseca
388,48,Non-binary,88798,Italy,Delifonseca
389,52,Female,136026,UK,Delifonseca
390,50,Female,90532,Italy,Delifonseca
391,69,Female,130130,USA,Delifonseca
392,38,Non-binary,42164,UK,Lunya
393,49,Female,55595,France,Delifonseca
394,40,Male,50257,Germany,Delifonseca
395,50,Male,34211,Germany,Delifonseca
396,20,Female,115989,Italy,Lunya
397,35,Male,25232,Spain,Delifonseca
398,42,Female,87753,UK,Delifonseca
399,59,Female,72691,France,Delifonseca
400,48,Male,109765,UK,Lunya
401,20,Male,99768,Germany,Lunya
402,57,Male,45613,UK,Delifonseca
403,63,Female,34026,France,Lunya
404,41,Female,73535,Spain,Delifonseca
405,67,Female,114090,Italy,Lunya
406,49,Female,50908,USA,Delifonseca
407,64,Female,72113,UK,Lunya
408,39,Female,39610,USA,Delifonseca
409,40,Female,66646,Germany,Delifonseca
410,19,Female,125141,Italy,Lunya
411,44,Female,83185,Italy,Delifonseca
412,59,Female,92567,UK,Delifonseca
413,19,Male,67574,Spain,Delifonseca
414,43,Female,143978,Italy,Delifonseca
415,34,Male,145204,UK,Lunya
416,57,Male,111051,UK,Delifonseca
417,50,Female,122020,USA,Lunya
418,26,Male,56182,Italy,Lunya
419,60,Male,136136,UK,Lunya
420,65,Male,20570,USA,Lunya
421,56,Female,117790,France,Delifonseca
422,46,Female,39288,USA,Delifonseca
423,59,Female,98824,USA,Lunya
424,43,Female,49877,UK,Delifonseca
425,52,Male,104425,Germany,Lunya
426,67,Male,20917,Germany,Delifonseca
427,42,Female,95602,Spain,Delifonseca
428,41,Male,115040,Germany,Delifonseca
429,30,Female,84575,USA,Lunya
430,24,Female,92518,Spain,Lunya
431,53,Male,142115,UK,Delifonseca
432,62,Female,59104,Italy,Lunya
433,37,Female,38062,USA,Lunya
434,18,Female,36999,USA,Delifonseca
435,25,Female,81845,Spain,Lunya
436,63,Non-binary,29941,UK,Delifonseca
437,33,Male,81169,France,Delifonseca
438,31,Male,43470,USA,Delifonseca
439,29,Male,149744,France,Lunya
440,68,Female,130684,France,Delifonseca
441,40,Female,79821,Germany,Delifonseca
442,32,Male,106669,UK,Lunya
443,45,Female,138193,France,Lunya
444,51,Male,64435,UK,Lunya
445,19,Male,24529,Germany,Lunya
446,49,Female,103055,UK,Delifonseca
447,40,Non-binary,32192,USA,Lunya
448,39,Male,94102,France,Lunya
449,68,Male,92762,UK,Lunya
450,42,Female,123466,Italy,Lunya
451,39,Female,134894,UK,Delifonseca
452,39,Female,106795,France,Lunya
453,66,Female,54087,Germany,Delifonseca
454,69,Female,86677,Germany,Lunya
455,59,Male,24627,France,Delifonseca
456,23,Female,76541,USA,Delifonseca
457,32,Male,132805,USA,Lunya
458,60,Male,88226,Germany,Delifonseca
459,54,Male,125627,Germany,Lunya
460,50,Female,23255,France,Delifonseca
461,25,Male,77433,USA,Delifonseca
462,61,Female,25213,Germany,Delifonseca
463,61,Female,122412,USA,Lunya
464,22,Male,39404,Germany,Delifonseca
465,56,Female,136545,UK,Lunya
466,21,Female,45380,Italy,Delifonseca
467,23,Male,111056,Spain,Delifonseca
468,62,Female,39173,UK,Delifonseca
469,49,Female,148833,Spain,Delifonseca
470,69,Female,73027,Germany,Delifonseca
471,47,Male,43989,Italy,Delifonseca
472,64,Male,128106,Italy,Lunya
473,52,Female,44519,Germany,Lunya
474,57,Female,145803,Germany,Lunya
475,69,Female,42439,USA,Delifonseca
476,33,Female,138570,Germany,Lunya
477,30,Male,96949,France,Delifonseca
478,67,Female,34995,Germany,Lunya
479,59,Female,43559,France,Lunya
480,47,Male,148028,Germany,Delifonseca
481,36,Male,130887,USA,Delifonseca
482,34,Male,109049,France,Lunya
483,36,Female,25021,UK,Lunya
484,45,Female,118000,France,Lunya
485,43,Female,41119,USA,Lunya
486,54,Female,71539,Spain,Delifonseca
487,43,Male,114835,France,Lunya
488,40,Male,59350,Germany,Delifonseca
489,26,Male,66223,Germany,Delifonseca
490,29,Male,45517,Spain,Lunya
491,18,Female,98653,USA,Delifonseca
492,18,Male,42250,Italy,Lunya
493,64,Female,104486,Germany,Delifonseca
494,51,Female,102895,UK,Delifonseca
495,49,Female,109132,USA,Lunya
496,65,Female,111066,France,Delifonseca
497,42,Female,86798,France,Delifonseca
498,57,Non-binary,74199,UK,Lunya
499,62,Female,143823,Germany,Delifonseca
500,18,Female,79546,USA,Delifonseca
501,33,Female,148180,UK,Lunya
502,56,Male,125686,Germany,Lunya
503,22,Male,108151,USA,Delifonseca
504,39,Male,23327,France,Delifonseca
505,46,Female,140318,USA,Delifonseca
506,20,Male,49768,Spain,Lunya
507,29,Female,84418,Italy,Delifonseca
508,43,Male,114386,USA,Delifonseca
509,33,Male,136947,Italy,Delifonseca
510,68,Female,62788,USA,Delifonseca
511,54,Female,135945,Italy,Delifonseca
512,39,Female,102384,Spain,Delifonseca
513,46,Female,66830,France,Lunya
514,31,Female,72446,Germany,Lunya
515,45,Male,125078,Italy,Delifonseca
516,22,Female,35160,Spain,Delifonseca
517,64,Female,76583,Italy,Lunya
518,66,Female,53998,France,Lunya
519,47,Female,47230,Italy,Lunya
520,63,Male,29076,Spain,Delifonseca
521,69,Female,89341,Spain,Delifonseca
522,22,Male,51085,UK,Delifonseca
523,29,Male,75571,France,Delifonseca
524,33,Male,34715,UK,Lunya
525,43,Male,148308,France,Lunya
526,43,Female,25750,Italy,Lunya
527,65,Non-binary,133931,Spain,Lunya
528,38,Female,98768,UK,Delifonseca
529,56,Female,138544,Italy,Delifonseca
530,53,Male,55903,Spain,Lunya
531,50,Male,92489,France,Lunya
532,47,Male,52093,Spain,Lunya
533,54,Female,111036,Italy,Lunya
534,40,Female,107954,UK,Lunya
535,27,Male,139277,UK,Delifonseca
536,22,Female,54314,Spain,Delifonseca
537,53,Male,68225,Italy,Lunya
538,51,Male,107985,USA,Lunya
539,69,Female,103014,France,Lunya
540,48,Female,55179,France,Delifonseca
541,27,Female,137305,Italy,Delifonseca
542,36,Female,132417,USA,Delifonseca
543,49,Male,45338,UK,Lunya
544,18,Female,112435,Germany,Delifonseca
545,22,Male,89681,Germany,Lunya
546,62,Female,52101,Italy,Delifonseca
547,21,Non-binary,22775,USA,Delifonseca
548,33,Female,131497,USA,Delifonseca
549,41,Female,117183,France,Lunya
550,33,Female,65619,UK,Lunya
551,19,Male,65838,Spain,Delifonseca
552,66,Male,141316,USA,Lunya
553,45,Male,39539,Spain,Lunya
554,49,Female,122274,Germany,Lunya
555,44,Female,77124,Spain,Lunya
556,37,Female,85149,UK,Lunya
557,41,Female,46616,UK,Lunya
558,29,Female,99655,Spain,Lunya
559,67,Non-binary,110695,Italy,Delifonseca
560,52,Non-binary,74567,USA,Lunya
561,50,Male,57099,Italy,Lunya
562,50,Male,95831,Spain,Delifonseca
563,68,Female,120246,USA,Delifonseca
564,60,Female,81799,France,Delifonseca
565,54,Female,140714,Italy,Delifonseca
566,29,Male,110221,Italy,Lunya
567,20,Female,134879,Spain,Delifonseca
568,18,Female,45479,Germany,Delifonseca
569,50,Female,66172,Spain,Lunya
570,57,Female,119165,Italy,Lunya
571,27,Male,75863,USA,Lunya
572,60,Male,62043,Germany,Delifonseca
573,61,Female,102569,Spain,Lunya
574,46,Non-binary,122438,Spain,Delifonseca
575,30,Male,130107,Italy,Lunya
576,29,Female,35408,Italy,Lunya
577,48,Female,142275,France,Delifonseca
578,63,Female,77980,Spain,Lunya
579,19,Female,102956,Italy,Lunya
580,68,Non-binary,36351,UK,Lunya
581,67,Female,24131,Germany,Lunya
582,52,Male,136836,UK,Lunya
583,40,Female,64825,Germany,Delifonseca
584,34,Female,31349,Spain,Delifonseca
585,43,Female,80931,France,Lunya
586,25,Female,64254,Italy,Delifonseca
587,46,Female,58225,Italy,Delifonseca
588,43,Male,124383,Italy,Delifonseca
589,27,Female,32453,Spain,Lunya
590,43,Male,38814,Germany,Lunya
591,51,Female,38263,Italy,Lunya
592,68,Female,97694,UK,Delifonseca
593,58,Female,35735,Italy,Delifonseca
594,24,Male,35830,Spain,Lunya
595,21,Female,67893,France,Lunya
596,67,Female,64673,UK,Delifonseca
597,62,Male,147006,Italy,Delifonseca
598,28,Female,109462,Italy,Lunya
599,46,Female,65066,USA,Delifonseca
600,53,Female,120315,Germany,Delifonseca
601,42,Male,23373,UK,Delifonseca
602,38,Male,30335,USA,Delifonseca
603,53,Female,43741,France,Delifonseca
604,27,Female,30692,Germany,Delifonseca
605,54,Non-binary,67295,UK,Delifonseca
606,26,Male,65541,Italy,Lunya
607,41,Female,54057,UK,Lunya
608,52,Male,86983,Italy,Delifonseca
609,66,Female,39583,Germany,Delifonseca
610,52,Female,42765,Italy,Delifonseca
611,65,Male,79287,France,Lunya
612,53,Female,43906,Spain,Lunya
613,35,Non-binary,140747,Italy,Delifonseca
614,66,Male,105103,France,Lunya
615,56,Male,99675,Spain,Delifonseca
616,49,Female,66525,Germany,Delifonseca
617,41,Female,58230,Germany,Delifonseca
618,40,Female,137904,UK,Delifonseca
619,49,Male,39520,France,Delifonseca
620,54,Female,105238,France,Delifonseca
621,29,Female,71934,USA,Delifonseca
622,66,Male,45566,USA,Lunya
623,30,Female,93193,Spain,Delifonseca
624,40,Male,123224,Spain,Lunya
625,42,Female,50134,USA,Delifonseca
626,52,Non-binary,30345,Spain,Delifonseca
627,58,Female,141012,Italy,Lunya
628,47,Female,141015,USA,Lunya
629,34,Female,61185,France,Delifonseca
630,66,Female,135464,Italy,Lunya
631,37,Male,112949,Spain,Delifonseca
632,65,Male,90744,Germany,Delifonseca
633,42,Male,53455,UK,Lunya
634,39,Female,135217,USA,Lunya
635,30,Female,48018,Germany,Lunya
636,36,Female,74219,Spain,Lunya
637,66,Male,65991,France,Delifonseca
638,53,Male,93616,UK,Lunya
639,29,Female,107438,Germany,Lunya
640,58,Female,136841,UK,Lunya
641,36,Male,29486,USA,Lunya
642,29,Male,58862,Spain,Lunya
643,26,Male,141662,France,Delifonseca
644,24,Male,78870,Spain,Delifonseca
645,45,Female,106694,UK,Lunya
646,31,Female,125996,Germany,Lunya
647,48,Male,63856,USA,Delifonseca
648,69,Male,121407,USA,Lunya
649,36,Female,120744,Spain,Delifonseca
650,64,Male,106055,Germany,Delifonseca
651,33,Male,51379,Germany,Lunya
652,22,Male,84729,UK,Delifonseca
653,52,Male,48378,Spain,Lunya
654,29,Female,125428,Spain,Lunya
655,42,Female,74353,Italy,Delifonseca
656,69,Female,69996,Spain,Delifonseca
657,38,Male,34031,USA,Lunya
658,53,Male,100072,UK,Delifonseca
659,40,Male,85982,Germany,Lunya
660,33,Female,56683,Spain,Delifonseca
661,56,Male,134091,UK,Delifonseca
662,62,Male,137797,Spain,Lunya
663,59,Male,37618,Germany,Lunya
664,56,Male,26587,France,Lunya
665,31,Male,82790,Germany,Delifonseca
666,48,Female,51480,Germany,Lunya
667,22,Female,118530,Germany,Lunya
668,52,Female,40527,Spain,Delifonseca
669,40,Female,43569,Italy,Delifonseca
670,46,Male,31151,Germany,Lunya
671,60,Male,91094,USA,Lunya
672,28,Female,79174,USA,Lunya
673,35,Female,64739,UK,Lunya
674,64,Male,52954,Italy,Delifonseca
675,29,Female,132984,UK,Delifonseca
676,26,Female,132863,USA,Lunya
677,27,Female,129373,USA,Lunya
678,61,Female,55303,France,Lunya
679,34,Female,54700,Germany,Delifonseca
680,55,Female,113036,USA,Lunya
681,24,Female,143728,Spain,Lunya
682,63,Male,87568,Spain,Delifonseca
683,30,Female,86788,UK,Delifonseca
684,57,Male,91045,UK,Lunya
685,59,Female,57842,Germany,Lunya
686,26,Female,33900,Germany,Delifonseca
687,67,Male,147992,France,Lunya
688,44,Female,100059,Italy,Lunya
689,19,Female,21881,UK,Delifonseca
690,22,Male,53037,Germany,Delifonseca
691,46,Male,21630,UK,Delifonseca
692,54,Female,40789,Germany,Lunya
693,55,Female,146083,USA,Delifonseca
694,36,Male,108059,UK,Delifonseca
695,25,Female,103494,USA,Lunya
696,65,Male,66151,UK,Lunya
697,62,Male,68920,Italy,Delifonseca
698,18,Non-binary,129388,France,Delifonseca
699,39,Female,87231,Spain,Lunya
700,69,Male,137946,Spain,Lunya
701,34,Female,100357,Spain,Delifonseca
702,24,Female,23262,USA,Delifonseca
703,42,Female,86981,Germany,Lunya
704,62,Male,140951,Spain,Delifonseca
705,21,Female,143099,Italy,Lunya
706,53,Female,101972,Spain,Delifonseca
707,23,Female,95485,UK,Lunya
708,48,Male,74722,USA,Lunya
709,36,Male,109499,UK,Delifonseca
710,61,Male,70818,UK,Delifonseca
711,56,Female,49932,UK,Lunya
712,44,Female,26901,France,Delifonseca
713,27,Male,137473,France,Delifonseca
714,43,Female,119023,Germany,Delifonseca
715,36,Female,28597,USA,Lunya
716,56,Male,149631,Italy,Delifonseca
717,20,Non-binary,83909,Italy,Delifonseca
718,62,Male,92391,Italy,Lunya
719,30,Male,104214,UK,Delifonseca
720,67,Non-binary,28263,France,Delifonseca
721,45,Female,83293,USA,Lunya
722,37,Male,132824,UK,Lunya
723,45,Non-binary,144933,France,Delifonseca
724,25,Female,45805,France,Delifonseca
725,58,Male,111679,Spain,Lunya
726,56,Male,31874,Spain,Lunya
727,18,Male,113065,USA,Delifonseca
728,20,Male,106402,USA,Delifonseca
729,30,Male,34079,USA,Delifonseca
730,45,Male,69850,UK,Lunya
731,66,Female,92779,Germany,Delifonseca
732,42,Male,115408,USA,Lunya
733,50,Female,29018,Spain,Lunya
734,55,Female,140606,Germany,Lunya
735,23,Female,69500,UK,Delifonseca
736,61,Female,140062,Germany,Delifonseca
737,62,Female,32100,Italy,Delifonseca
738,49,Male,77021,Germany,Lunya
739,62,Male,134995,USA,Delifonseca
740,64,Male,39800,UK,Lunya
741,38,Female,148126,USA,Lunya
742,33,Male,83400,Spain,Lunya
743,38,Male,112446,Italy,Lunya
744,28,Male,49437,Spain,Lunya
745,54,Female,123124,USA,Lunya
746,53,Female,96537,USA,Delifonseca
747,52,Female,66675,USA,Lunya
748,36,Female,39942,France,Delifonseca
749,37,Female,40862,Italy,Lunya
750,35,Male,31669,USA,Delifonseca
751,64,Female,141219,USA,Delifonseca
752,58,Female,73772,Spain,Delifonseca
753,66,Female,35916,Spain,Delifonseca
754,31,Female,30878,USA,Lunya
755,32,Female,22985,UK,Lunya
756,48,Female,117905,France,Lunya
757,18,Female,93648,Spain,Lunya
758,20,Male,61235,UK,Delifonseca
759,33,Non-binary,38931,France,Delifonseca
760,40,Female,112876,USA,Delifonseca
761,28,Female,20336,Italy,Lunya
762,29,Male,62933,Germany,Delifonseca
763,27,Female,104899,Germany,Lunya
764,49,Female,65536,USA,Delifonseca
765,33,Male,89504,Spain,Delifonseca
766,25,Female,119214,UK,Delifonseca
767,55,Male,71148,Italy,Delifonseca
768,29,Male,133936,France,Delifonseca
769,41,Female,36279,USA,Lunya
770,45,Female,88665,Italy,Delifonseca
771,25,Male,123751,Italy,Lunya
772,45,Female,124433,Spain,Lunya
773,53,Female,91386,France,Lunya
774,43,Male,106124,Italy,Lunya
775,25,Female,125750,Spain,Lunya
776,67,Female,97485,UK,Lunya
777,45,Male,94055,Spain,Lunya
778,45,Female,111911,UK,Lunya
779,54,Male,118618,UK,Delifonseca
780,58,Male,97273,Italy,Delifonseca
781,53,Male,86670,Spain,Lunya
782,44,Female,96474,UK,Lunya
783,34,Non-binary,74028,France,Lunya
784,26,Female,110022,Italy,Delifonseca
785,50,Male,133892,Spain,Delifonseca
786,37,Female,111632,Spain,Lunya
787,30,Female,126651,Germany,Lunya
788,45,Female,91128,Spain,Delifonseca
789,65,Male,38108,Italy,Delifonseca
790,46,Non-binary,72495,France,Lunya
791,30,Female,102806,Spain,Lunya
792,63,Female,113185,Germany,Lunya
793,52,Male,96533,Italy,Lunya
794,23,Female,119025,UK,Delifonseca
795,35,Female,76830,USA,Delifonseca
796,68,Male,94640,USA,Lunya
797,22,Female,72509,UK,Lunya
798,64,Non-binary,86406,Spain,Lunya
799,42,Female,114220,USA,Delifonseca
800,19,Female,59519,USA,Lunya
801,27,Female,69649,UK,Lunya
802,47,Male,54524,Spain,Lunya
803,67,Female,116493,Spain,Delifonseca
804,62,Male,53885,UK,Lunya
805,22,Female,64369,Spain,Delifonseca
806,50,Male,121132,Spain,Lunya
807,18,Female,115402,Italy,Lunya
808,35,Female,50676,Italy,Lunya
809,49,Male,84093,UK,Delifonseca
810,64,Female,67764,France,Lunya
811,66,Female,70799,USA,Lunya
812,28,Male,99414,Italy,Delifonseca
813,38,Female,125296,USA,Delifonseca
814,43,Male,113095,Germany,Delifonseca
815,42,Female,132082,UK,Lunya
816,39,Male,92307,France,Delifonseca
817,44,Female,102062,Germany,Lunya
818,66,Female,115432,Germany,Delifonseca
819,30,Non-binary,51923,Spain,Delifonseca
820,50,Male,137449,Germany,Delifonseca
821,51,Female,121739,UK,Lunya
822,58,Female,124926,Italy,Lunya
823,52,Male,98388,UK,Lunya
824,18,Female,67574,Italy,Lunya
825,38,Male,63391,Germany,Lunya
826,65,Male,148691,Germany,Lunya
827,23,Female,141757,France,Lunya
828,45,Female,73664,Italy,Lunya
829,34,Male,87384,Germany,Lunya
830,22,Female,51027,Spain,Delifonseca
831,48,Female,55464,USA,Delifonseca
832,22,Male,54485,France,Lunya
833,55,Male,148366,UK,Lunya
834,20,Male,39456,France,Lunya
835,40,Male,94795,USA,Lunya
836,54,Male,55554,Italy,Delifonseca
837,54,Female,66922,UK,Delifonseca
838,27,Female,33409,UK,Lunya
839,27,Female,89327,Italy,Delifonseca
840,36,Female,111400,France,Delifonseca
841,34,Male,56639,Germany,Lunya
842,38,Female,120110,France,Lunya
843,31,Female,83627,USA,Lunya
844,26,Female,103424,Spain,Lunya
845,63,Female,39692,Germany,Delifonseca
846,18,Female,109037,France,Lunya
847,68,Female,98840,Spain,Delifonseca
848,62,Female,74200,Spain,Lunya
849,30,Female,113063,Italy,Delifonseca
850,21,Female,77415,USA,Lunya
851,18,Male,38074,USA,Lunya
852,66,Female,35549,USA,Delifonseca
853,57,Female,49963,Germany,Delifonseca
854,49,Male,111456,UK,Delifonseca
855,51,Female,116362,Germany,Lunya
856,45,Male,121607,France,Delifonseca
857,48,Female,72265,Spain,Delifonseca
858,25,Female,36061,Spain,Delifonseca
859,56,Male,78226,UK,Delifonseca
860,43,Female,48810,France,Delifonseca
861,51,Male,80006,UK,Delifonseca
862,20,Female,142538,Spain,Delifonseca
863,67,Male,133502,Germany,Delifonseca
864,29,Female,42800,USA,Delifonseca
865,18,Female,136192,Spain,Lunya
866,61,Male,128959,Italy,Lunya
867,22,Female,145433,USA,Delifonseca
868,47,Female,127228,Spain,Lunya
869,47,Male,95476,Germany,Lunya
870,34,Male,89460,UK,Delifonseca
871,65,Female,77767,USA,Delifonseca
872,64,Male,48054,Germany,Delifonseca
873,40,Non-binary,95319,France,Delifonseca
874,32,Male,122789,Italy,Delifonseca
875,54,Female,65397,USA,Delifonseca
876,38,Male,33233,UK,Lunya
877,31,Female,131205,France,Delifonseca
878,19,Non-binary,110020,Germany,Lunya
879,28,Female,45068,Italy,Delifonseca
880,68,Female,85727,UK,Delifonseca
881,56,Male,110610,Germany,Lunya
882,55,Female,90453,Germany,Delifonseca
883,51,Non-binary,124135,USA,Delifonseca
884,55,Non-binary,45832,USA,Lunya
885,67,Male,128464,UK,Delifonseca
886,51,Female,106242,Spain,Lunya
887,35,Male,33682,Spain,Delifonseca
888,47,Female,112298,Germany,Delifonseca
889,32,Female,43383,USA,Lunya
890,44,Male,78160,Italy,Delifonseca
891,68,Female,113332,Italy,Lunya
892,51,Female,43666,Germany,Lunya
893,69,Non-binary,78817,USA,Lunya
894,55,Female,111198,UK,Delifonseca
895,50,Female,130695,UK,Delifonseca
896,41,Male,54642,UK,Lunya
897,32,Female,61830,Italy,Delifonseca
898,47,Male,123067,USA,Delifonseca
899,59,Non-binary,30234,USA,Delifonseca
900,68,Male,77616,Italy,Lunya
901,34,Male,29221,UK,Delifonseca
902,22,Female,31410,UK,Lunya
903,46,Female,100055,Germany,Delifonseca
904,21,Male,81413,Spain,Delifonseca
905,27,Male,21051,France,Lunya
906,34,Female,130529,Spain,Delifonseca
907,27,Female,95301,USA,Lunya
908,34,Female,96918,USA,Delifonseca
909,37,Female,98116,USA,Lunya
910,41,Male,142226,Spain,Delifonseca
911,22,Female,76563,France,Delifonseca
912,51,Male,117859,Germany,Delifonseca
913,23,Male,64757,Spain,Lunya
914,19,Female,146169,France,Lunya
915,30,Male,141008,UK,Lunya
916,60,Female,97475,UK,Delifonseca
917,60,Male,71257,USA,Lunya
918,65,Male,115500,Italy,Lunya
919,28,Male,20307,USA,Lunya
920,68,Male,76889,Italy,Lunya
921,64,Female,88895,France,Lunya
922,40,Female,115184,UK,Lunya
923,33,Male,55944,Spain,Lunya
924,48,Female,119555,Italy,Lunya
925,28,Female,58134,France,Lunya
926,33,Female,47323,UK,Lunya
927,25,Male,136205,Spain,Delifonseca
928,21,Female,91762,Italy,Delifonseca
929,57,Male,107225,USA,Lunya
930,21,Non-binary,116507,USA,Delifonseca
931,42,Female,45954,USA,Delifonseca
932,20,Female,75021,France,Lunya
933,49,Female,109959,USA,Lunya
934,20,Male,115927,Germany,Lunya
935,44,Female,99866,UK,Delifonseca
936,46,Female,90427,France,Lunya
937,49,Female,24992,Spain,Delifonseca
938,67,Male,21961,USA,Lunya
939,68,Female,32497,UK,Delifonseca
940,36,Male,137551,Italy,Delifonseca
941,38,Male,52551,USA,Lunya
942,22,Female,96384,UK,Lunya
943,35,Male,145374,Germany,Delifonseca
944,45,Female,75755,Italy,Delifonseca
945,59,Male,33255,Germany,Lunya
946,39,Male,24567,Spain,Lunya
947,38,Male,68847,UK,Delifonseca
948,23,Female,124817,Germany,Lunya
949,18,Female,68003,Spain,Delifonseca
950,22,Female,40389,UK,Lunya
951,58,Female,64523,UK,Lunya
952,29,Female,143802,Germany,Lunya
953,43,Female,81576,UK,Delifonseca
954,63,Female,147342,USA,Lunya
955,51,Female,63919,UK,Delifonseca
956,66,Male,102103,France,Lunya
957,31,Female,142443,Spain,Delifonseca
958,43,Female,23358,UK,Delifonseca
959,62,Female,108535,France,Lunya
960,44,Female,127894,UK,Delifonseca
961,26,Non-binary,141485,UK,Delifonseca
962,43,Female,96524,Germany,Delifonseca
963,64,Male,143416,USA,Delifonseca
964,39,Non-binary,125982,Spain,Lunya
965,64,Male,117057,USA,Lunya
966,47,Male,25698,Italy,Lunya
967,60,Male,86809,Germany,Delifonseca
968,65,Non-binary,113079,Germany,Delifonseca
969,34,Male,75805,USA,Lunya
970,43,Male,51349,Germany,Lunya
971,53,Male,96777,USA,Delifonseca
972,18,Female,70248,Germany,Lunya
973,25,Male,95033,UK,Lunya
974,66,Female,127411,USA,Delifonseca
975,52,Female,118239,USA,Lunya
976,69,Female,64041,France,Delifonseca
977,32,Female,51954,Germany,Lunya
978,64,Female,28002,Germany,Delifonseca
979,39,Female,89783,USA,Delifonseca
980,31,Male,127524,UK,Delifonseca
981,43,Female,107234,UK,Delifonseca
982,45,Male,144857,Spain,Delifonseca
983,40,Female,39738,UK,Lunya
984,31,Female,30703,Germany,Lunya
985,41,Male,133776,France,Lunya
986,19,Male,69422,USA,Delifonseca
987,62,Female,103106,Italy,Lunya
988,43,Male,81899,France,Delifonseca
989,31,Male,32392,Italy,Delifonseca
990,68,Female,64724,France,Lunya
991,24,Female,52299,UK,Delifonseca
992,20,Non-binary,35641,Germany,Lunya
993,64,Male,99534,Italy,Delifonseca
994,40,Female,26305,France,Delifonseca
995,63,Male,118262,Germany,Lunya
996,60,Female,38782,Italy,Delifonseca
997,64,Female,98257,USA,Lunya
998,62,Female,125299,France,Delifonseca
999,35,Male,97963,USA,Lunya
1000,55,Male,132086,UK,Delifonseca
1001,52,Male,141987,USA,Lunya
1002,68,Female,40566,USA,Lunya
1003,32,Female,144591,Spain,Delifonseca
1004,42,Female,87766,France,Lunya
1005,54,Male,26511,UK,Delifonseca
1006,45,Female,134816,USA,Delifonseca
1007,27,Female,127765,Germany,Lunya
1008,56,Male,138360,Italy,Lunya
1009,34,Female,46177,USA,Lunya
1010,56,Non-binary,24765,UK,Lunya
1011,39,Female,40354,USA,Lunya
1012,43,Male,43929,Italy,Delifonseca
1013,61,Female,48820,UK,Lunya
1014,42,Male,131576,France,Delifonseca
1015,34,Female,49523,UK,Lunya
1016,30,Female,91088,France,Lunya
1017,37,Female,86163,UK,Lunya
1018,42,Female,97525,Italy,Delifonseca
1019,21,Female,33780,Italy,Lunya
1020,27,Male,26589,UK,Delifonseca
1021,20,Female,54812,USA,Delifonseca
1022,58,Male,113664,Italy,Delifonseca
1023,62,Male,65939,France,Lunya
1024,35,Male,71493,France,Delifonseca
1025,64,Female,124188,Germany,Lunya
1026,53,Female,113326,Spain,Delifonseca
1027,64,Male,60953,Spain,Lunya
1028,39,Non-binary,85785,Spain,Delifonseca
1029,51,Female,39309,France,Lunya
1030,64,Female,74195,Germany,Lunya
1031,25,Female,135662,Spain,Lunya
1032,57,Non-binary,45901,Spain,Delifonseca
1033,66,Female,43576,UK,Delifonseca
1034,61,Female,51508,UK,Lunya
1035,36,Male,94711,UK,Delifonseca
1036,59,Female,45464,USA,Delifonseca
1037,58,Female,80281,Spain,Delifonseca
1038,54,Male,36260,USA,Delifonseca
1039,23,Male,144997,Germany,Delifonseca
1040,69,Female,55440,France,Delifonseca
1041,43,Female,115082,Spain,Delifonseca
1042,51,Female,125583,France,Lunya
1043,62,Female,76683,UK,Lunya
1044,23,Male,144206,Spain,Delifonseca
1045,54,Female,61430,Italy,Lunya
1046,50,Female,21987,USA,Lunya
1047,39,Female,134778,USA,Lunya
1048,38,Male,45105,Spain,Delifonseca
1049,23,Female,98484,UK,Delifonseca
1050,23,Male,138747,USA,Delifonseca
1051,65,Female,33026,UK,Delifonseca
1052,21,Male,88309,Germany,Delifonseca
1053,47,Male,65927,France,Lunya
1054,28,Female,95414,Italy,Delifonseca
1055,47,Female,77535,France,Lunya
1056,48,Female,62946,France,Delifonseca
1057,41,Female,146503,Germany,Lunya
1058,26,Female,76561,USA,Delifonseca
1059,20,Female,30377,Italy,Delifonseca
1060,68,Female,73592,USA,Delifonseca
1061,48,Male,27347,Spain,Delifonseca
1062,57,Female,53776,France,Delifonseca
1063,54,Male,23783,Spain,Delifonseca
1064,53,Female,75798,UK,Lunya
1065,41,Male,24298,France,Delifonseca
1066,48,Male,90204,USA,Lunya
1067,23,Female,106207,France,Delifonseca
1068,19,Male,120356,UK,Lunya
1069,37,Female,75161,Germany,Lunya
1070,45,Female,80652,Spain,Lunya
1071,28,Male,54484,Spain,Lunya
1072,21,Female,118614,USA,Lunya
1073,32,Female,149572,France,Lunya
1074,23,Male,132695,USA,Delifonseca
1075,66,Male,40922,Germany,Lunya
1076,47,Male,54028,France,Delifonseca
1077,55,Female,131461,France,Delifonseca
1078,68,Male,40316,USA,Lunya
1079,19,Female,96996,USA,Lunya
1080,32,Male,36968,UK,Delifonseca
1081,28,Non-binary,50266,Germany,Lunya
1082,25,Male,145679,UK,Lunya
1083,43,Male,115745,Spain,Lunya
1084,68,Female,44000,France,Lunya
1085,62,Male,143239,USA,Lunya
1086,61,Male,34011,France,Lunya
1087,22,Female,22866,France,Lunya
1088,23,Male,132669,Italy,Delifonseca
1089,43,Female,25898,Spain,Lunya
1090,21,Male,38395,Italy,Delifonseca
1091,36,Male,59019,France,Delifonseca
1092,37,Male,123243,USA,Delifonseca
1093,50,Female,24006,France,Delifonseca
1094,37,Male,54393,Spain,Lunya
1095,66,Female,30956,Italy,Delifonseca
1096,29,Male,70042,USA,Delifonseca
1097,64,Female,116199,France,Delifonseca
1098,18,Female,26078,Germany,Delifonseca
1099,43,Male,49631,Spain,Delifonseca
1100,31,Female,115676,Spain,Lunya
1101,55,Male,141724,Germany,Lunya
1102,54,Male,82901,France,Delifonseca
1103,28,Male,127227,Spain,Lunya
1104,53,Male,89497,USA,Lunya
1105,30,Female,114813,France,Delifonseca
1106,60,Female,137192,France,Delifonseca
1107,20,Female,61574,Italy,Delifonseca
1108,50,Female,138494,Spain,Lunya
1109,23,Female,51417,Spain,Delifonseca
1110,67,Male,108020,Germany,Lunya
1111,27,Male,103639,Italy,Lunya
1112,22,Female,85006,Italy,Lunya
1113,40,Male,114881,Spain,Delifonseca
1114,27,Non-binary,131862,France,Lunya
1115,61,Male,59454,Italy,Delifonseca
1116,19,Male,21587,Germany,Delifonseca
1117,30,Female,141688,Italy,Delifonseca
1118,57,Female,128107,Germany,Delifonseca
1119,19,Female,135584,Italy,Delifonseca
1120,37,Female,74710,Germany,Lunya
1121,18,Male,143157,Italy,Lunya
1122,54,Male,106567,Italy,Lunya
1123,26,Female,111748,USA,Lunya
1124,34,Female,95886,Germany,Lunya
1125,26,Male,38816,Germany,Delifonseca
1126,28,Female,105824,Germany,Delifonseca
1127,32,Female,49432,UK,Lunya
1128,41,Male,129758,Italy,Lunya
1129,55,Female,68617,Germany,Lunya
1130,52,Female,92373,Spain,Delifonseca
1131,47,Female,54217,UK,Delifonseca
1132,48,Male,40884,USA,Delifonseca
1133,66,Male,25454,Germany,Lunya
1134,22,Female,94960,Germany,Lunya
1135,61,Female,122421,UK,Lunya
1136,67,Female,127173,Italy,Lunya
1137,31,Male,63618,Spain,Delifonseca
1138,28,Male,103948,USA,Lunya
1139,26,Female,82671,Germany,Lunya
1140,51,Male,67111,Italy,Lunya
1141,29,Female,59613,Spain,Delifonseca
1142,52,Female,105678,Spain,Delifonseca
1143,52,Female,140592,USA,Lunya
1144,18,Female,122928,France,Delifonseca
1145,57,Female,144917,Spain,Delifonseca
1146,39,Female,79993,France,Delifonseca
1147,46,Female,148652,Spain,Delifonseca
1148,25,Male,28848,USA,Delifonseca
1149,28,Female,134853,UK,Lunya
1150,58,Male,98672,USA,Lunya
1151,54,Male,139279,USA,Lunya
1152,31,Female,86125,UK,Delifonseca
1153,47,Female,106444,UK,Delifonseca
1154,52,Female,137509,Italy,Delifonseca
1155,38,Female,81602,Spain,Delifonseca
1156,54,Female,92045,Italy,Lunya
1157,22,Male,125997,UK,Lunya
1158,36,Male,62222,France,Lunya
1159,31,Female,69223,France,Lunya
1160,43,Male,130012,USA,Lunya
1161,21,Female,131246,Germany,Lunya
1162,42,Male,85333,USA,Delifonseca
1163,62,Male,72732,USA,Delifonseca
1164,59,Male,142650,Germany,Lunya
1165,42,Female,69420,Spain,Delifonseca
1166,35,Female,95504,UK,Lunya
1167,57,Non-binary,22462,France,Lunya
1168,25,Female,29460,USA,Delifonseca
1169,56,Non-binary,119319,Germany,Lunya
1170,57,Female,145602,Italy,Lunya
1171,31,Female,29275,USA,Lunya
1172,49,Female,114213,France,Delifonseca
1173,68,Female,33269,UK,Delifonseca
1174,55,Male,149593,USA,Delifonseca
1175,50,Female,142672,USA,Delifonseca
1176,40,Female,85942,Spain,Lunya
1177,32,Female,92920,Germany,Delifonseca
1178,50,Female,140737,Italy,Delifonseca
1179,42,Female,42553,Italy,Delifonseca
1180,34,Female,44366,UK,Lunya
1181,50,Male,64036,France,Delifonseca
1182,64,Female,37369,UK,Delifonseca
1183,19,Female,31795,USA,Lunya
1184,31,Female,90021,USA,Lunya
1185,57,Female,127205,Italy,Lunya
1186,57,Non-binary,88154,France,Lunya
1187,68,Female,50143,Germany,Delifonseca
1188,56,Female,49425,France,Lunya
1189,68,Male,108209,USA,Delifonseca
1190,23,Female,95139,Germany,Delifonseca
1191,23,Female,125232,France,Delifonseca
1192,20,Non-binary,25368,France,Delifonseca
1193,24,Male,24621,Germany,Delifonseca
1194,68,Non-binary,78829,USA,Lunya
1195,25,Female,149036,France,Delifonseca
1196,59,Female,80294,Germany,Delifonseca
1197,69,Female,34719,Spain,Delifonseca
1198,32,Female,49227,Spain,Lunya
1199,64,Male,129430,USA,Delifonseca
1200,46,Female,27566,Germany,Delifonseca
1201,50,Male,32306,Spain,Lunya
1202,69,Male,73822,Germany,Delifonseca
1203,47,Female,44042,France,Delifonseca
1204,56,Female,35086,USA,Lunya
1205,44,Male,37387,Spain,Delifonseca
1206,53,Female,47042,France,Delifonseca
1207,46,Male,109424,UK,Delifonseca
1208,55,Female,71618,UK,Delifonseca
1209,50,Female,112050,USA,Delifonseca
1210,54,Male,38323,Spain,Lunya
1211,44,Non-binary,38019,Spain,Lunya
1212,50,Female,95426,Spain,Lunya
1213,21,Male,60863,Germany,Delifonseca
1214,39,Female,140953,France,Delifonseca
1215,19,Male,131023,Spain,Delifonseca
1216,27,Male,30283,France,Lunya
1217,22,Female,38279,USA,Delifonseca
1218,27,Female,66999,Spain,Delifonseca
1219,50,Male,82780,USA,Delifonseca
1220,55,Female,42908,Spain,Lunya
1221,30,Male,81584,UK,Lunya
1222,48,Female,146278,Italy,Delifonseca
1223,64,Male,133002,USA,Delifonseca
1224,53,Male,70225,Spain,Delifonseca
1225,62,Male,57952,Italy,Lunya
1226,41,Female,120706,USA,Lunya
1227,69,Male,57663,Germany,Lunya
1228,32,Male,142019,Spain,Delifonseca
1229,46,Female,129708,Germany,Lunya
1230,25,Female,81381,UK,Delifonseca
1231,22,Female,67929,Spain,Delifonseca
1232,46,Male,29343,UK,Lunya
1233,64,Female,96173,Italy,Delifonseca
1234,21,Female,120260,USA,Lunya
1235,29,Male,59791,France,Delifonseca
1236,62,Female,49134,UK,Delifonseca
1237,19,Female,132366,France,Lunya
1238,44,Non-binary,67101,France,Delifonseca
1239,48,Male,89443,USA,Delifonseca
1240,68,Female,119111,Italy,Delifonseca
1241,68,Female,77530,USA,Delifonseca
1242,53,Male,66799,Spain,Delifonseca
1243,53,Female,24827,UK,Delifonseca
1244,43,Female,116143,France,Delifonseca
1245,60,Female,82653,USA,Delifonseca
1246,44,Female,33699,USA,Lunya
1247,22,Male,122828,USA,Lunya
1248,37,Female,133497,UK,Delifonseca
1249,28,Male,111419,Italy,Delifonseca
1250,27,Male,134527,USA,Lunya
1251,57,Female,136972,UK,Delifonseca
1252,55,Male,25313,France,Lunya
1253,23,Male,33598,Spain,Lunya
1254,25,Female,131362,Germany,Lunya
1255,40,Female,135445,UK,Delifonseca
1256,64,Male,48807,Germany,Delifonseca
1257,43,Male,90423,USA,Delifonseca
1258,63,Male,89390,USA,Lunya
1259,60,Female,65226,UK,Lunya
1260,29,Non-binary,79550,Germany,Lunya
1261,43,Female,100072,USA,Delifonseca
1262,30,Female,23558,France,Lunya
1263,57,Male,95308,Italy,Lunya
1264,35,Female,70113,Italy,Delifonseca
1265,42,Female,72999,USA,Lunya
1266,50,Female,75878,Germany,Lunya
1267,64,Female,56343,Spain,Delifonseca
1268,57,Female,78219,USA,Delifonseca
1269,60,Non-binary,55186,Spain,Lunya
1270,29,Female,56966,Spain,Delifonseca
1271,61,Male,53769,Germany,Lunya
1272,53,Male,139932,Spain,Delifonseca
1273,65,Male,146264,France,Lunya
1274,21,Female,125423,Germany,Delifonseca
1275,22,Male,73218,USA,Lunya
1276,54,Female,39229,France,Delifonseca
1277,25,Male,95209,UK,Delifonseca
1278,59,Male,47877,Italy,Delifonseca
1279,66,Male,78001,USA,Delifonseca
1280,45,Female,117137,USA,Delifonseca
1281,48,Male,58084,USA,Delifonseca
1282,26,Female,101780,France,Delifonseca
1283,68,Male,112892,UK,Lunya
1284,46,Non-binary,36806,Germany,Lunya
1285,31,Female,108635,UK,Delifonseca
1286,57,Non-binary,130177,France,Delifonseca
1287,58,Female,57034,USA,Lunya
1288,39,Female,60317,Italy,Lunya
1289,28,Female,75468,USA,Delifonseca
1290,40,Female,39094,Germany,Lunya
1291,18,Male,77796,Spain,Lunya
1292,63,Female,30589,Italy,Delifonseca
1293,54,Female,77221,USA,Delifonseca
1294,38,Male,144855,Italy,Delifonseca
1295,43,Male,21657,Spain,Lunya
1296,63,Male,118300,UK,Delifonseca
1297,53,Male,137229,France,Delifonseca
1298,40,Male,59531,USA,Lunya
1299,18,Female,72227,Germany,Delifonseca
1300,68,Female,23164,UK,Lunya
1301,57,Male,113078,USA,Lunya
1302,32,Female,103973,UK,Lunya
1303,38,Male,61247,Germany,Lunya
1304,64,Female,124041,USA,Lunya
1305,26,Female,39601,Spain,Lunya
1306,26,Female,113966,Spain,Delifonseca
1307,27,Male,70599,Germany,Delifonseca
1308,69,Male,91545,Italy,Delifonseca
1309,43,Male,135295,Germany,Lunya
1310,58,Female,24552,Italy,Delifonseca
1311,52,Female,136452,USA,Lunya
1312,69,Male,29417,Italy,Delifonseca
1313,42,Male,78579,USA,Lunya
1314,43,Female,127525,USA,Delifonseca
1315,28,Male,88207,France,Lunya
1316,55,Female,92055,USA,Delifonseca
1317,19,Female,122266,Italy,Lunya
1318,24,Female,98270,France,Delifonseca
1319,35,Male,131426,France,Lunya
1320,44,Male,137865,USA,Delifonseca
1321,51,Female,23722,Germany,Delifonseca
1322,44,Male,90442,Germany,Delifonseca
1323,34,Female,115632,Spain,Lunya
1324,60,Female,60031,France,Lunya
1325,61,Female,99235,USA,Lunya
1326,68,Female,41438,Germany,Lunya
1327,41,Female,78819,USA,Lunya
1328,42,Male,63856,USA,Delifonseca
1329,24,Male,53576,France,Lunya
1330,69,Female,61938,Spain,Delifonseca
1331,23,Female,69028,France,Delifonseca
1332,41,Female,79807,UK,Lunya
1333,50,Female,69877,Germany,Delifonseca
1334,66,Female,117783,Germany,Lunya
1335,46,Male,63461,Germany,Lunya
1336,60,Female,113474,Italy,Lunya
1337,39,Male,60469,USA,Delifonseca
1338,43,Male,103136,France,Lunya
1339,45,Female,40435,Germany,Lunya
1340,67,Male,104117,UK,Lunya
1341,38,Male,34191,Germany,Delifonseca
1342,66,Male,104726,Spain,Lunya
1343,24,Female,143658,USA,Delifonseca
1344,34,Female,135660,USA,Delifonseca
1345,37,Female,47386,France,Lunya
1346,58,Female,51721,Italy,Delifonseca
1347,66,Female,74786,France,Delifonseca
1348,37,Male,33704,Germany,Lunya
1349,39,Female,76635,Spain,Lunya
1350,45,Male,22123,UK,Lunya
1351,57,Male,110710,France,Delifonseca
1352,66,Female,129837,Italy,Lunya
1353,24,Female,134912,France,Delifonseca
1354,18,Male,82993,USA,Delifonseca
1355,49,Male,132752,Germany,Delifonseca
1356,30,Male,100122,Germany,Delifonseca
1357,47,Female,117512,Germany,Delifonseca
1358,40,Female,45416,Germany,Lunya
1359,68,Female,21814,Germany,Lunya
1360,36,Female,98537,Germany,Delifonseca
1361,49,Male,70258,UK,Delifonseca
1362,47,Male,36508,Italy,Lunya
1363,46,Male,105166,Germany,Lunya
1364,66,Male,98916,Italy,Delifonseca
1365,62,Male,133710,Spain,Delifonseca
1366,46,Female,55699,Germany,Lunya
1367,47,Female,66335,France,Lunya
1368,33,Male,66806,Germany,Delifonseca
1369,57,Female,97853,USA,Lunya
1370,36,Male,83768,UK,Lunya
1371,35,Male,55739,France,Delifonseca
1372,18,Female,54785,France,Delifonseca
1373,31,Male,51980,USA,Delifonseca
1374,68,Male,109335,Germany,Lunya
1375,64,Male,120719,UK,Delifonseca
1376,67,Male,114702,France,Lunya
1377,19,Male,105016,UK,Delifonseca
1378,45,Female,21609,France,Delifonseca
1379,66,Female,86253,Germany,Lunya
1380,67,Male,105481,Spain,Lunya
1381,47,Male,111128,France,Delifonseca
1382,55,Female,48141,Spain,Delifonseca
1383,68,Female,50009,France,Lunya
1384,21,Male,147581,Italy,Delifonseca
1385,18,Male,130966,Germany,Lunya
1386,25,Male,26782,USA,Lunya
1387,46,Male,112072,Spain,Delifonseca
1388,56,Female,119352,USA,Lunya
1389,20,Female,45933,Germany,Lunya
1390,49,Male,97154,USA,Lunya
1391,27,Female,28307,Germany,Delifonseca
1392,27,Female,112207,USA,Lunya
1393,36,Female,126209,Spain,Delifonseca
1394,63,Male,128297,Italy,Delifonseca
1395,51,Male,95874,USA,Delifonseca
1396,50,Female,58346,Spain,Lunya
1397,40,Female,132138,France,Lunya
1398,45,Male,70772,Germany,Delifonseca
1399,49,Non-binary,92084,UK,Delifonseca
1400,67,Female,60149,UK,Lunya
1401,24,Female,106700,Germany,Delifonseca
1402,46,Female,47526,Italy,Delifonseca
1403,25,Male,116758,USA,Lunya
1404,18,Female,105712,Italy,Delifonseca
1405,20,Female,148447,UK,Lunya
1406,41,Male,88477,Spain,Lunya
1407,40,Male,25695,Germany,Delifonseca
1408,25,Female,59169,Germany,Lunya
1409,64,Male,67947,Italy,Lunya
1410,54,Female,67224,Spain,Lunya
1411,20,Male,65865,Italy,Delifonseca
1412,68,Female,45553,USA,Delifonseca
1413,50,Male,124501,France,Delifonseca
1414,45,Female,80410,Spain,Lunya
1415,64,Male,123754,France,Lunya
1416,25,Male,110895,USA,Delifonseca
1417,51,Male,44816,France,Delifonseca
1418,52,Male,75026,UK,Lunya
1419,49,Male,70705,France,Delifonseca
1420,41,Female,81922,USA,Delifonseca
1421,31,Female,135700,France,Delifonseca
1422,49,Male,93914,Germany,Delifonseca
1423,63,Female,21881,Italy,Delifonseca
1424,60,Male,59567,UK,Lunya
1425,33,Non-binary,67365,Germany,Delifonseca
1426,21,Female,147928,Germany,Delifonseca
1427,69,Male,99211,USA,Lunya
1428,54,Female,90122,Italy,Lunya
1429,38,Male,45006,Italy,Lunya
1430,31,Female,61198,Spain,Lunya
1431,48,Female,42831,UK,Delifonseca
1432,65,Male,120649,USA,Delifonseca
1433,35,Male,36459,UK,Delifonseca
1434,24,Male,52443,Spain,Delifonseca
1435,27,Female,62316,France,Lunya
1436,24,Female,116131,Germany,Lunya
1437,50,Male,84486,UK,Delifonseca
1438,40,Female,25877,Germany,Delifonseca
1439,38,Male,59553,USA,Delifonseca
1440,36,Male,134137,France,Delifonseca
1441,65,Male,24922,USA,Lunya
1442,36,Male,142778,France,Delifonseca
1443,53,Female,137018,France,Lunya
1444,46,Male,24686,Germany,Lunya
1445,35,Female,52766,USA,Lunya
1446,19,Male,99943,USA,Lunya
1447,18,Female,52006,UK,Delifonseca
1448,64,Male,51422,USA,Delifonseca
1449,22,Male,136590,UK,Delifonseca
1450,37,Female,148886,Italy,Delifonseca
1451,28,Female,32205,Italy,Lunya
1452,59,Male,106590,Italy,Lunya
1453,19,Female,43527,Spain,Lunya
1454,20,Female,131483,USA,Delifonseca
1455,40,Female,38443,Spain,Lunya
1456,29,Female,36524,USA,Lunya
1457,37,Male,136477,UK,Lunya
1458,22,Male,48202,Spain,Lunya
1459,54,Female,85552,Spain,Delifonseca
1460,55,Female,66142,Spain,Lunya
1461,47,Female,81692,France,Lunya
1462,26,Female,102384,UK,Delifonseca
1463,51,Female,40855,Italy,Delifonseca
1464,61,Female,103747,UK,Delifonseca
1465,52,Female,80372,France,Lunya
1466,69,Male,45095,USA,Lunya
1467,39,Female,58724,UK,Lunya
1468,61,Male,69241,Spain,Lunya
1469,41,Male,123119,Italy,Delifonseca
1470,34,Male,72003,Italy,Lunya
1471,27,Male,88379,USA,Lunya
1472,47,Female,114837,UK,Delifonseca
1473,63,Male,111996,France,Delifonseca
1474,40,Male,117454,USA,Delifonseca
1475,49,Female,114283,UK,Lunya
1476,34,Male,35972,Germany,Lunya
1477,67,Male,143805,Italy,Lunya
1478,68,Female,113846,France,Lunya
1479,34,Female,42927,Spain,Lunya
1480,31,Female,140589,France,Delifonseca
1481,26,Male,135657,Spain,Delifonseca
1482,57,Male,86630,France,Lunya
1483,19,Male,124428,Italy,Lunya
1484,62,Male,142035,Spain,Lunya
1485,42,Female,72347,UK,Lunya
1486,56,Female,119708,Spain,Lunya
1487,26,Male,146244,USA,Delifonseca
1488,39,Male,108860,UK,Delifonseca
1489,60,Non-binary,106210,USA,Delifonseca
1490,63,Female,89518,France,Lunya
1491,21,Female,65283,UK,Lunya
1492,43,Male,101326,France,Delifonseca
1493,46,Male,32205,Germany,Delifonseca
1494,62,Male,140243,France,Lunya
1495,51,Male,109874,France,Delifonseca
1496,40,Female,32748,USA,Delifonseca
1497,54,Male,41097,Spain,Lunya
1498,28,Male,23092,Germany,Delifonseca
1499,23,Male,73311,France,Delifonseca
1500,35,Male,42692,France,Delifonseca
1501,38,Female,144954,Germany,Lunya
1502,59,Female,43862,Germany,Delifonseca
1503,53,Non-binary,110396,UK,Delifonseca
1504,58,Female,99507,USA,Delifonseca
1505,55,Male,100152,Germany,Lunya
1506,51,Female,90469,Germany,Lunya
1507,34,Male,24926,Italy,Delifonseca
1508,54,Male,111299,Spain,Lunya
1509,42,Male,23969,Germany,Delifonseca
1510,55,Female,55733,USA,Lunya
1511,29,Male,89855,Spain,Lunya
1512,40,Female,61743,Spain,Delifonseca
1513,59,Female,59876,France,Delifonseca
1514,39,Male,127445,France,Delifonseca
1515,38,Male,40323,France,Lunya
1516,44,Male,36428,France,Delifonseca
1517,48,Female,54578,Italy,Lunya
1518,23,Female,106486,Germany,Lunya
1519,44,Female,128577,France,Delifonseca
1520,57,Female,84140,UK,Lunya
1521,51,Female,146378,France,Delifonseca
1522,29,Male,127325,Germany,Lunya
1523,62,Female,103829,France,Delifonseca
1524,24,Male,26364,Italy,Lunya
1525,27,Non-binary,148867,USA,Lunya
1526,62,Male,55349,USA,Delifonseca
1527,34,Male,20691,Germany,Lunya
1528,43,Male,146899,USA,Delifonseca
1529,38,Female,115598,USA,Lunya
1530,45,Female,86467,UK,Lunya
1531,63,Female,65896,Germany,Lunya
1532,19,Male,77062,Germany,Delifonseca
1533,60,Male,117266,USA,Delifonseca
1534,18,Female,99762,USA,Delifonseca
1535,68,Male,33861,USA,Delifonseca
1536,53,Male,116837,Spain,Delifonseca
1537,68,Female,133779,Italy,Lunya
1538,43,Non-binary,108302,France,Lunya
1539,46,Female,121710,Italy,Delifonseca
1540,38,Female,83928,Germany,Lunya
1541,28,Male,126643,UK,Lunya
1542,57,Female,135720,France,Lunya
1543,28,Male,103231,UK,Lunya
1544,53,Female,61347,Spain,Delifonseca
1545,66,Female,23121,Germany,Lunya
1546,56,Non-binary,103793,Spain,Delifonseca
1547,57,Female,48164,Germany,Delifonseca
1548,52,Female,45491,UK,Lunya
1549,51,Female,79222,UK,Delifonseca
1550,64,Male,43165,UK,Lunya
1551,41,Female,134250,Germany,Lunya
1552,39,Female,23748,USA,Lunya
1553,22,Female,118581,UK,Delifonseca
1554,50,Female,46553,Spain,Delifonseca
1555,53,Male,136547,France,Delifonseca
1556,64,Male,80380,Germany,Lunya
1557,37,Female,64331,Spain,Lunya
1558,36,Male,116033,Italy,Lunya
1559,52,Female,116844,Italy,Delifonseca
1560,69,Non-binary,140617,France,Lunya
1561,60,Non-binary,59560,USA,Lunya
1562,34,Female,73865,UK,Delifonseca
1563,62,Male,66686,Germany,Delifonseca
1564,60,Male,95910,Spain,Delifonseca
1565,51,Female,24675,UK,Lunya
1566,26,Female,86706,Spain,Lunya
1567,43,Female,126985,Germany,Lunya
1568,19,Male,129021,Italy,Delifonseca
1569,26,Non-binary,144062,UK,Delifonseca
1570,26,Male,147359,France,Delifonseca
1571,57,Male,97986,USA,Delifonseca
1572,34,Male,96216,France,Lunya
1573,18,Male,30068,USA,Lunya
1574,42,Male,74460,Spain,Lunya
1575,60,Female,120766,UK,Lunya
1576,57,Male,66418,UK,Lunya
1577,59,Male,46206,USA,Lunya
1578,42,Female,148180,Italy,Lunya
1579,56,Male,20287,Germany,Lunya
1580,52,Female,42337,France,Delifonseca
1581,20,Female,40666,Spain,Delifonseca
1582,67,Male,136595,France,Lunya
1583,54,Female,21161,France,Delifonseca
1584,61,Female,134817,Spain,Lunya
1585,61,Female,141025,Spain,Lunya
1586,68,Male,120667,UK,Delifonseca
1587,47,Female,110071,France,Lunya
1588,55,Male,118064,Germany,Lunya
1589,51,Female,58751,Germany,Lunya
1590,29,Non-binary,102063,USA,Lunya
1591,36,Non-binary,126511,Spain,Lunya
1592,54,Female,109389,UK,Lunya
1593,61,Female,34758,Germany,Lunya
1594,66,Female,85780,Italy,Delifonseca
1595,34,Male,135614,UK,Delifonseca
1596,27,Female,23178,UK,Lunya
1597,66,Female,51831,Germany,Delifonseca
1598,64,Female,22176,Italy,Lunya
1599,29,Female,123306,USA,Lunya
1600,33,Female,53654,Germany,Lunya
1601,41,Male,143220,Italy,Lunya
1602,36,Non-binary,46627,UK,Delifonseca
1603,25,Female,72550,Italy,Delifonseca
1604,48,Male,132025,UK,Delifonseca
1605,38,Female,64910,Germany,Delifonseca
1606,34,Male,110417,Spain,Lunya
1607,40,Male,78251,Germany,Delifonseca
1608,54,Male,55422,France,Lunya
1609,33,Non-binary,31984,France,Lunya
1610,23,Female,109312,France,Delifonseca
1611,25,Male,81386,Germany,Lunya
1612,42,Male,103291,USA,Delifonseca
1613,35,Female,27135,Germany,Delifonseca
1614,42,Non-binary,20320,Spain,Delifonseca
1615,29,Female,122958,Italy,Delifonseca
1616,32,Male,114171,Germany,Delifonseca
1617,43,Female,41684,Germany,Lunya
1618,58,Female,75913,UK,Delifonseca
1619,62,Male,108774,UK,Delifonseca
1620,43,Male,41889,UK,Lunya
1621,64,Female,115849,Germany,Delifonseca
1622,49,Female,118071,USA,Delifonseca
1623,27,Male,68899,Italy,Lunya
1624,33,Female,144011,Italy,Lunya
1625,24,Female,30770,Spain,Delifonseca
1626,34,Male,59321,USA,Lunya
1627,40,Male,105962,USA,Delifonseca
1628,43,Female,129863,Italy,Lunya
1629,38,Male,61777,France,Delifonseca
1630,39,Male,66250,UK,Delifonseca
1631,24,Male,93034,UK,Delifonseca
1632,31,Female,124940,Italy,Lunya
1633,32,Female,60130,USA,Delifonseca
1634,24,Female,101931,Spain,Lunya
1635,26,Female,69346,France,Delifonseca
1636,68,Male,22537,Italy,Delifonseca
1637,65,Female,104762,UK,Delifonseca
1638,25,Male,35216,Germany,Delifonseca
1639,67,Female,104149,USA,Delifonseca
1640,40,Female,23009,Germany,Lunya
1641,46,Male,109904,Spain,Lunya
1642,35,Female,49327,Italy,Lunya
1643,48,Female,34209,UK,Delifonseca
1644,47,Male,68443,France,Delifonseca
1645,69,Female,35029,Germany,Lunya
1646,56,Male,87613,France,Delifonseca
1647,52,Male,99443,Spain,Delifonseca
1648,35,Female,76997,UK,Delifonseca
1649,59,Male,122171,Germany,Lunya
1650,56,Female,134456,Spain,Lunya
1651,34,Female,82559,France,Lunya
1652,31,Female,84892,France,Lunya
1653,48,Female,90409,Germany,Lunya
1654,41,Male,28635,UK,Delifonseca
1655,52,Female,53065,France,Delifonseca
1656,61,Female,131399,Italy,Delifonseca
1657,62,Female,140544,Spain,Delifonseca
1658,51,Male,127340,Germany,Lunya
1659,20,Female,53783,USA,Lunya
1660,54,Female,54152,USA,Delifonseca
1661,60,Male,78741,UK,Lunya
1662,57,Female,127049,Italy,Delifonseca
1663,43,Female,71502,France,Delifonseca
1664,40,Female,49092,USA,Delifonseca
1665,61,Female,37653,UK,Delifonseca
1666,56,Male,117999,Spain,Lunya
1667,32,Female,119564,Italy,Delifonseca
1668,66,Female,60469,Italy,Lunya
1669,21,Female,143064,UK,Delifonseca
1670,46,Male,106483,UK,Delifonseca
1671,39,Male,141585,France,Delifonseca
1672,42,Female,79754,UK,Delifonseca
1673,30,Male,49978,France,Lunya
1674,35,Male,107592,France,Delifonseca
1675,50,Male,114543,Germany,Lunya
1676,33,Male,63169,Italy,Delifonseca
1677,62,Female,68287,Spain,Delifonseca
1678,59,Female,74745,Italy,Delifonseca
1679,61,Female,130168,Italy,Lunya
1680,19,Female,133985,Germany,Delifonseca
1681,52,Non-binary,140843,France,Delifonseca
1682,59,Female,25543,France,Delifonseca
1683,51,Female,76392,UK,Delifonseca
1684,47,Male,41067,Germany,Delifonseca
1685,30,Female,71033,UK,Lunya
1686,30,Female,65256,Germany,Lunya
1687,35,Female,110633,UK,Delifonseca
1688,49,Female,128383,USA,Delifonseca
1689,49,Male,129048,Italy,Lunya
1690,52,Female,89345,Italy,Delifonseca
1691,56,Female,42191,Spain,Lunya
1692,63,Female,106803,France,Delifonseca
1693,69,Female,92742,Spain,Delifonseca
1694,46,Male,138843,USA,Lunya
1695,66,Female,106593,Spain,Delifonseca
1696,46,Female,48992,Italy,Lunya
1697,61,Male,132050,France,Lunya
1698,33,Male,101531,USA,Lunya
1699,61,Female,68803,Italy,Delifonseca
1700,64,Male,129975,UK,Lunya
1701,27,Male,83477,Germany,Lunya
1702,47,Male,33210,USA,Delifonseca
1703,42,Female,103329,France,Delifonseca
1704,56,Non-binary,46270,Spain,Delifonseca
1705,37,Female,82008,Spain,Delifonseca
1706,22,Female,25197,USA,Delifonseca
1707,18,Female,133857,France,Delifonseca
1708,47,Female,27452,USA,Lunya
1709,66,Male,61486,France,Delifonseca
1710,20,Female,34859,Spain,Lunya
1711,62,Female,47236,Italy,Delifonseca
1712,31,Male,51899,UK,Lunya
1713,47,Female,52083,Italy,Lunya
1714,67,Female,87708,UK,Delifonseca
1715,21,Female,131462,Spain,Delifonseca
1716,35,Female,36663,Italy,Lunya
1717,54,Female,113076,Italy,Delifonseca
1718,42,Male,138665,USA,Delifonseca
1719,65,Female,39053,Germany,Lunya
1720,18,Female,31085,Spain,Lunya
1721,63,Male,50564,France,Lunya
1722,32,Male,109745,Spain,Delifonseca
1723,26,Female,79095,France,Delifonseca
1724,32,Female,89517,France,Delifonseca
1725,66,Female,41153,UK,Delifonseca
1726,41,Female,25247,France,Lunya
1727,21,Female,30553,France,Delifonseca
1728,29,Female,40811,USA,Lunya
1729,54,Male,115381,Italy,Delifonseca
1730,54,Female,26135,Spain,Delifonseca
1731,60,Male,25573,Spain,Lunya
1732,23,Female,138819,France,Delifonseca
1733,56,Male,144588,Germany,Delifonseca
1734,63,Male,99267,Spain,Lunya
1735,41,Male,27189,France,Delifonseca
1736,28,Female,100077,UK,Lunya
1737,30,Male,63646,UK,Lunya
1738,51,Female,96623,UK,Lunya
1739,42,Male,131971,France,Lunya
1740,24,Female,73687,USA,Delifonseca
1741,69,Female,88312,Germany,Delifonseca
1742,21,Female,127615,France,Delifonseca
1743,25,Female,47564,USA,Lunya
1744,37,Female,48835,USA,Delifonseca
1745,46,Female,81587,Spain,Delifonseca
1746,68,Non-binary,27697,France,Delifonseca
1747,62,Male,100165,France,Delifonseca
1748,63,Non-binary,93922,USA,Lunya
1749,27,Female,37046,USA,Lunya
1750,60,Male,77823,USA,Delifonseca
1751,51,Male,93580,Spain,Lunya
1752,43,Male,73370,France,Delifonseca
1753,58,Male,29615,USA,Delifonseca
1754,66,Female,133338,UK,Delifonseca
1755,20,Male,25060,France,Lunya
1756,23,Female,96436,Spain,Delifonseca
1757,22,Female,80519,UK,Lunya
1758,22,Female,140562,Italy,Lunya
1759,64,Male,91117,France,Delifonseca
1760,40,Male,81158,Italy,Lunya
1761,66,Non-binary,54782,USA,Lunya
1762,26,Male,105709,Spain,Delifonseca
1763,52,Female,98533,USA,Lunya
1764,37,Female,128939,Spain,Lunya
1765,66,Female,78255,Germany,Delifonseca
1766,59,Female,131952,USA,Delifonseca
1767,52,Female,92684,Italy,Lunya
1768,67,Female,76918,Spain,Delifonseca
1769,35,Female,146093,USA,Delifonseca
1770,34,Male,104284,France,Lunya
1771,41,Female,99558,Spain,Lunya
1772,20,Male,105549,Spain,Delifonseca
1773,49,Male,124223,USA,Lunya
1774,52,Female,101422,Germany,Delifonseca
1775,55,Female,140363,USA,Delifonseca
1776,30,Female,146352,Italy,Lunya
1777,64,Female,45256,Italy,Lunya
1778,42,Male,50005,Spain,Delifonseca
1779,26,Female,26638,Spain,Delifonseca
1780,21,Female,57419,USA,Delifonseca
1781,31,Female,53377,Italy,Delifonseca
1782,54,Non-binary,126244,Italy,Lunya
1783,51,Male,63116,Germany,Delifonseca
1784,28,Male,56634,France,Lunya
1785,58,Female,102291,Germany,Lunya
1786,20,Male,43382,UK,Delifonseca
1787,45,Male,135303,Germany,Lunya
1788,46,Male,76063,USA,Lunya
1789,26,Non-binary,42394,France,Delifonseca
1790,20,Female,87789,USA,Lunya
1791,42,Male,123246,UK,Lunya
1792,51,Male,130634,France,Delifonseca
1793,29,Female,20864,Spain,Delifonseca
1794,59,Female,119572,Italy,Delifonseca
1795,26,Non-binary,60222,Germany,Delifonseca
1796,32,Female,33666,USA,Delifonseca
1797,57,Female,143664,UK,Delifonseca
1798,42,Non-binary,40955,Italy,Delifonseca
1799,22,Male,130674,Germany,Lunya
1800,28,Female,123533,Italy,Lunya
1801,51,Male,101845,Germany,Delifonseca
1802,41,Female,136925,Spain,Lunya
1803,32,Female,89590,France,Lunya
1804,55,Female,147775,Italy,Delifonseca
1805,25,Male,86471,Italy,Lunya
1806,22,Female,130476,Italy,Delifonseca
1807,65,Male,108314,France,Lunya
1808,43,Male,142579,UK,Delifonseca
1809,35,Female,63298,Germany,Lunya
1810,23,Male,83108,Spain,Lunya
1811,54,Female,133864,Italy,Lunya
1812,65,Male,68924,France,Delifonseca
1813,30,Female,36709,UK,Lunya
1814,45,Male,29726,Germany,Lunya
1815,22,Female,80824,France,Delifonseca
1816,30,Female,60542,Spain,Delifonseca
1817,34,Male,40245,Spain,Lunya
1818,67,Female,54753,Germany,Lunya
1819,57,Female,99788,Italy,Lunya
1820,62,Male,41316,Spain,Lunya
1821,49,Male,122907,UK,Delifonseca
1822,46,Male,104698,France,Lunya
1823,68,Female,35960,UK,Lunya
1824,20,Male,50791,Italy,Delifonseca
1825,57,Female,127766,UK,Lunya
1826,51,Male,45216,UK,Lunya
1827,57,Male,52467,USA,Lunya
1828,44,Female,84427,UK,Delifonseca
1829,30,Female,132470,Germany,Delifonseca
1830,62,Female,82047,France,Lunya
1831,50,Female,93290,USA,Lunya
1832,23,Female,67014,France,Delifonseca
1833,41,Female,24078,France,Lunya
1834,36,Male,98389,Italy,Lunya
1835,33,Female,70519,Italy,Delifonseca
1836,57,Male,24042,USA,Delifonseca
1837,45,Female,69052,Spain,Delifonseca
1838,50,Male,34389,Italy,Lunya
1839,65,Male,115961,Italy,Lunya
1840,58,Female,88111,Italy,Lunya
1841,30,Female,125058,France,Lunya
1842,60,Male,113715,USA,Delifonseca
1843,62,Female,70733,France,Lunya
1844,42,Male,54754,Germany,Lunya
1845,59,Female,38624,France,Delifonseca
1846,53,Male,105886,Germany,Delifonseca
1847,44,Female,46681,UK,Lunya
1848,55,Male,109524,UK,Delifonseca
1849,24,Male,101006,Germany,Delifonseca
1850,22,Male,44704,Germany,Lunya
1851,60,Female,124272,France,Lunya
1852,62,Male,114913,Germany,Lunya
1853,68,Female,114108,USA,Lunya
1854,48,Male,143731,UK,Delifonseca
1855,40,Female,27493,UK,Delifonseca
1856,59,Male,89639,Spain,Lunya
1857,27,Female,120380,Germany,Lunya
1858,49,Male,74383,Italy,Delifonseca
1859,60,Male,22994,Italy,Lunya
1860,47,Male,89280,Germany,Lunya
1861,56,Female,67234,USA,Lunya
1862,48,Female,67291,Italy,Lunya
1863,35,Non-binary,148674,Spain,Delifonseca
1864,53,Female,112868,Germany,Lunya
1865,19,Female,25594,USA,Delifonseca
1866,31,Male,125835,USA,Lunya
1867,30,Male,27371,France,Lunya
1868,46,Female,67315,USA,Delifonseca
1869,29,Male,103564,Italy,Lunya
1870,56,Male,147251,Italy,Delifonseca
1871,19,Female,121448,Germany,Lunya
1872,49,Male,99526,Germany,Lunya
1873,30,Female,132387,USA,Lunya
1874,63,Female,36626,Spain,Lunya
1875,44,Female,106005,UK,Lunya
1876,66,Female,126258,France,Delifonseca
1877,58,Male,125573,UK,Delifonseca
1878,34,Female,27130,USA,Lunya
1879,57,Female,26828,USA,Lunya
1880,48,Female,77514,UK,Delifonseca
1881,51,Male,127148,France,Delifonseca
1882,41,Male,132524,UK,Lunya
1883,62,Female,124635,Germany,Lunya
1884,52,Female,72664,Italy,Delifonseca
1885,65,Male,131701,Spain,Lunya
1886,23,Female,37883,Germany,Delifonseca
1887,36,Female,63059,Italy,Lunya
1888,47,Female,104078,Spain,Delifonseca
1889,24,Male,62932,Spain,Delifonseca
1890,27,Female,149900,Spain,Lunya
1891,58,Female,81269,USA,Delifonseca
1892,49,Female,139850,Spain,Lunya
1893,51,Non-binary,95986,France,Lunya
1894,45,Female,105959,UK,Lunya
1895,32,Male,22035,France,Lunya
1896,47,Female,129767,UK,Delifonseca
1897,54,Female,60745,Germany,Lunya
1898,46,Male,37241,Germany,Lunya
1899,39,Female,72975,UK,Lunya
1900,21,Male,43154,France,Lunya
1901,37,Male,45625,UK,Delifonseca
1902,49,Male,64950,Spain,Lunya
1903,53,Female,118602,USA,Delifonseca
1904,67,Male,76396,Germany,Delifonseca
1905,21,Female,119227,USA,Delifonseca
1906,44,Male,138920,Spain,Lunya
1907,34,Male,33331,Spain,Lunya
1908,29,Male,83927,Germany,Lunya
1909,39,Female,106226,Germany,Lunya
1910,34,Female,104719,Spain,Delifonseca
1911,27,Female,83014,Italy,Delifonseca
1912,18,Male,59346,USA,Lunya
1913,39,Female,90411,USA,Lunya
1914,43,Female,74478,Italy,Lunya
1915,35,Male,32254,France,Lunya
1916,67,Male,75734,USA,Lunya
1917,31,Female,48621,UK,Lunya
1918,64,Male,136490,Spain,Lunya
1919,46,Female,96441,Spain,Delifonseca
1920,29,Female,66121,Italy,Delifonseca
1921,53,Female,147386,USA,Delifonseca
1922,52,Female,101418,France,Delifonseca
1923,69,Female,80197,USA,Lunya
1924,29,Male,104577,Spain,Lunya
1925,24,Female,114634,Germany,Lunya
1926,46,Female,138034,UK,Lunya
1927,28,Male,62431,Italy,Lunya
1928,50,Female,137637,Germany,Delifonseca
1929,23,Female,119245,France,Lunya
1930,64,Male,120211,Germany,Delifonseca
1931,32,Male,24837,Germany,Lunya
1932,49,Male,131984,France,Delifonseca
1933,68,Male,110025,Germany,Lunya
1934,28,Male,103163,Italy,Delifonseca
1935,40,Female,91232,Spain,Lunya
1936,43,Male,68994,USA,Lunya
1937,51,Female,99079,Germany,Lunya
1938,63,Male,32615,Italy,Lunya
1939,51,Female,21466,USA,Delifonseca
1940,46,Male,50771,USA,Lunya
1941,21,Female,138645,Germany,Delifonseca
1942,34,Male,103886,Italy,Lunya
1943,52,Female,85911,Spain,Delifonseca
1944,30,Male,118566,Germany,Lunya
1945,58,Male,40746,France,Lunya
1946,56,Female,108422,USA,Delifonseca
1947,32,Male,129884,Germany,Lunya
1948,46,Male,80739,USA,Lunya
1949,46,Male,128440,Italy,Delifonseca
1950,28,Female,118187,UK,Lunya
1951,69,Female,93369,Germany,Delifonseca
1952,49,Female,21893,Spain,Lunya
1953,19,Female,50573,Germany,Delifonseca
1954,64,Male,116907,USA,Delifonseca
1955,31,Female,60874,Italy,Delifonseca
1956,37,Male,97362,France,Delifonseca
1957,39,Female,119956,Spain,Lunya
1958,28,Female,107460,Italy,Lunya
1959,44,Male,147021,Germany,Delifonseca
1960,20,Male,138580,France,Lunya
1961,34,Female,53367,Italy,Lunya
1962,61,Female,41199,UK,Lunya
1963,45,Female,136600,Spain,Delifonseca
1964,46,Female,111404,USA,Lunya
1965,38,Female,94328,Italy,Lunya
1966,64,Female,77724,Italy,Delifonseca
1967,33,Female,106133,UK,Lunya
1968,54,Male,56405,Germany,Delifonseca
1969,37,Female,118232,Spain,Delifonseca
1970,23,Female,128659,Spain,Delifonseca
1971,36,Female,35989,USA,Lunya
1972,22,Male,48931,Italy,Lunya
1973,20,Male,29290,France,Delifonseca
1974,18,Female,58367,Italy,Delifonseca
1975,55,Male,141136,USA,Delifonseca
1976,32,Female,99878,Italy,Delifonseca
1977,51,Female,110477,UK,Delifonseca
1978,52,Female,99481,Italy,Delifonseca
1979,66,Female,96298,Italy,Lunya
1980,42,Male,146299,France,Delifonseca
1981,41,Male,50133,UK,Delifonseca
1982,29,Female,132616,UK,Delifonseca
1983,35,Male,125686,Italy,Lunya
1984,32,Male,47052,Spain,Lunya
1985,61,Female,127286,France,Lunya
1986,33,Female,105489,Italy,Lunya
1987,44,Female,60475,Italy,Delifonseca
1988,25,Female,102666,USA,Lunya
1989,63,Female,116622,USA,Delifonseca
1990,42,Female,77656,Spain,Delifonseca
1991,34,Female,24633,France,Delifonseca
1992,46,Male,37304,Germany,Delifonseca
1993,25,Male,127573,USA,Delifonseca
1994,32,Non-binary,117820,Germany,Delifonseca
1995,44,Female,66546,UK,Lunya
1996,63,Male,27008,USA,Lunya
1997,67,Male,68291,USA,Lunya
1998,69,Male,47405,France,Lunya
1999,24,Female,137069,Spain,Lunya
2000,20,Male,56386,Germany,Delifonseca
